item,itemLabel,startDate,endDate,psid
Q215477,Maktoum bin Rashid Al Maktoum,1990-10-07,2006-01-04,Q215477-34EBA489-555B-45CD-A0AD-13769A4D2C45
Q340060,Butti bin Sohail,1906-02-16,1912-11,Q340060-80106F86-1A5F-4116-BB14-B0C7F3FCE994
Q340089,Maktoum bin Hushur,1894-04-07,1906-02-16,Q340089-80331B1F-FEB8-4093-83EF-3755675D3293
Q340171,Hushur bin Maktoum,1859,1886-11-22,Q340171-052B4FEA-5B97-4217-A728-CC83EBC093D1
Q340184,Rashid bin Maktoum,1886-11-22,1894-04-07,Q340184-54E22DCA-20B6-4429-966A-8382CF89DF0B
Q340197,Maktoum bin Butti bin Sohal,1833-07-09,1852,Q340197-7D3FD532-DC5B-4990-873C-F1B9E1D7DD78
Q344111,Saeed bin Butti,1852,1859,Q344111-452AC240-051B-4791-AA75-03E2FCE3B2E7
Q56733545,Obeid bin Said bin Rashid,1833-07-09,1836,Q56733545-3AE149A2-9CA0-4FA1-8405-BAF3201C669D
Q57655,Mohammed bin Rashid Al Maktoum,2006-01-04,,Q57655-64FB1F71-DE44-4B03-9ABF-8D1BC32A016A
Q713801,Saeed bin Maktoum bin Hasher Al Maktoum,1912-11,1929-04-15,Q713801-10E14BB4-6FA7-44AF-A6CC-15E154570001
Q713801,Saeed bin Maktoum bin Hasher Al Maktoum,1929-04-18,1958-09,Q713801-DE868A6F-0671-4B72-A0CD-EA0BD8B18514
Q733312,Rashid bin Saeed Al Maktoum,1958-09-10,1990-10-07,Q733312-1EF2581B-01EC-47C7-B595-5A5DA726FBBB
